Date,Month,Year
22,พฤษภาคม,2017
20,กันยายน,2017
23,เมษายน,2017
24,มกราคม,2016
19,กันยายน,2017
3,พฤศจิกายน,2016
14,มกราคม,2017
18,เมษายน,2016
16,พฤศจิกายน,2015
21,กรกฎาคม,2017
6,มกราคม,2016
12,มกราคม,2016
16,พฤศจิกายน,2016
20,พฤศจิกายน,2015
18,พฤศจิกายน,2015
9,เมษายน,2017
28,มีนาคม,2017
22,กุมภาพันธ์,2017
14,มกราคม,2017
3,ธันวาคม,2017
3,ธันวาคม,2017
3,ธันวาคม,2017
20,กันยายน,2017
19,มิถุนายน,2017
25,พฤษภาคม,2017
25,พฤษภาคม,2017
7,กุมภาพันธ์,2017
7,กุมภาพันธ์,2017
23,มกราคม,2017
7,ธันวาคม,2016
6,ธันวาคม,2016
14,ตุลาคม,2016
20,กันยายน,2016
16,มิถุนายน,2016
26,มีนาคม,2016
16,พฤศจิกายน,2015
1,พฤศจิกายน,2015
31,ตุลาคม,2015
31,ตุลาคม,2015
31,ตุลาคม,2015
30,ตุลาคม,2015
30,ตุลาคม,2015
30,ตุลาคม,2015
